runs,overall_mae,accepted_mae,bad_output_rate,acceptance_rate,rejection_rate,forwarding_rate,false_acceptance_rate_all_runs,false_rejection_rate_all_runs,conditional_false_acceptance_rate,conditional_false_rejection_rate,bad_rate_among_accepted,variant
10000,0.6659833345377838,0.2243666753246941,0.7322,0.0307,0.2549,0.7144,0.0078,0.0437,0.010652827096421742,0.1631814787154593,0.254071661237785,full_method
10000,0.6659833345377838,0.2590129845804795,0.7322,0.0215,0.3591,0.6194,0.0066,0.0617,0.009013930620049166,0.23039581777445856,0.30697674418604654,no_confidence
10000,0.6659833345377838,0.3831807847535973,0.7322,0.0366,0.3098,0.6536,0.0159,0.0403,0.02171537831193663,0.15048543689320387,0.4344262295081967,no_noise
10000,0.6659833345377838,0.4312092719727868,0.7322,0.0372,0.3037,0.6591,0.0216,0.0639,0.029500136574706366,0.23861090365944734,0.5806451612903226,no_drift
10000,0.6659833345377838,0.2650425834534295,0.7322,0.142,0.1896,0.6684,0.0524,0.0313,0.07156514613493581,0.11687826736370426,0.36901408450704226,no_freshness
