phase,steps,mean_current_trust,mean_historical_trust,mean_true_drift,mean_estimated_drift,recalibration_events
healthy,30,0.9199055505790011,0.9197503652242339,0.046708583355789,0.05513413263947733,0
degradation,40,0.7483463533128922,0.7803061038697888,0.475,0.47792196095587436,0
recovery,30,0.7458479196336694,0.7118733949210724,0.47500000000000003,0.4889607388322909,0
