phase,steps,mean_current_trust,min_current_trust,max_current_trust,mean_historical_trust,min_historical_trust,max_historical_trust,mean_true_noise,mean_estimated_noise,mean_true_drift,mean_estimated_drift,max_low_trust_streak,recalibration_events
healthy,30,0.9317993098899504,0.8787059688124701,0.9718142444560385,0.931851357388019,0.91641484007188,0.9445253299005121,0.07955471837629288,0.06960478556617984,0.04423936480224789,0.05079854218381914,0,0
degradation,55,0.748014239889306,0.5619552097289626,0.9281335769060914,0.7719814615936761,0.593642646031892,0.9155822539887353,0.19440677966101697,0.19225256483536393,0.461864406779661,0.46962590994603237,3,1
recovery,30,0.843069558427698,0.704633275098189,0.9574771554600692,0.8005274823627953,0.6424376331648786,0.9127082165186633,0.14,0.13944572722499682,0.225,0.23529435845639177,0,0
