experiment,scenario_count,source_count,total_time_ms,time_per_record_ms
edge_trust_scalability,1000,,2.161083000828512,0.002161083000828512
edge_trust_scalability,10000,,21.777666988782585,0.0021777666988782585
edge_trust_scalability,100000,,215.30024999810848,0.002153002499981085
fog_fusion_scalability,,2,0.005541995051316917,0.0027709975256584585
fog_fusion_scalability,,5,0.0020419975044205785,0.0004083995008841157
fog_fusion_scalability,,10,0.0020419975044205785,0.00020419975044205785
fog_fusion_scalability,,25,0.0028329959604889154,0.00011331983841955662
fog_fusion_scalability,,50,0.004750007065013051,9.500014130026102e-05
fog_fusion_scalability,,100,0.008500006515532732,8.500006515532732e-05
